{"client_meta":{"background_color":{"r":0.8980392217636108,"g":0.9058823585510254,"b":0.9215686321258545,"a":1},"thumbnail_size":{"width":400,"height":179},"render_coordinates":{"x":-1387,"y":106,"width":1877,"height":842}},"file_name":"Memoralis (Copy)","developer_related_links":[],"exported_at":"2026-05-21T10:34:12.485Z"}